protein_code,sequence
A8MTJ3,MGSGISSESKESAKRSKELEKKLQEDAERDARTVKLLLLGAGESGKSTIVKQMKIIHKNGYSEQECMEFKAVIYSNTLQSILAIVKAMTTLGIDYVNPRSAEDQRQLYAMANTLEDGGMTPQLAEVIKRLWRDPGIQACFERASEYQLNDSAAYYLNDLDRITASGYVPNEQDVLHSRVKTTGIIETQFSFKDLHFRMFDVGGQRSERKKWIHCFEGVTCIIFCAALSAYDMVLVEDEEVNRMHESLHLFNSICNHKYFSTTSIVLFLNKKDIFQEKVTKVHLSICFPEYTGPNTFEDAGNYIKNQFLDLNLKKEDKEIYSHMTCATDTQNVKFVFDAVTDIIIKENLKDCGLF
O95837,MAGCCCLSAEEKESQRISAEIERQLRRDKKDARRELKLLLLGTGESGKSTFIKQMRIIHGSGYSDEDRKGFTKLVYQNIFTAMQAMIRAMDTLRIQYVCEQNKENAQIIREVEVDKVSMLSREQVEAIKQLWQDPGIQECYDRRREYQLSDSAKYYLTDIDRIATPSFVPTQQDVLRVRVPTTGIIEYPFDLENIIFRMVDVGGQRSERRKWIHCFESVTSIIFLVALSEYDQVLAECDNENRMEESKALFKTIITYPWFLNSSVILFLNKKDLLEEKIMYSHLISYFPEYTGPKQDVRAARDFILKLYQDQNPDKEKVIYSHFTCATDTDNIRFVFAAVKDTILQLNLREFNLV
P04899,MGCTVSAEDKAAAERSKMIDKNLREDGEKAAREVKLLLLGAGESGKSTIVKQMKIIHEDGYSEEECRQYRAVVYSNTIQSIMAIVKAMGNLQIDFADPSRADDARQLFALSCTAEEQGVLPDDLSGVIRRLWADHGVQACFGRSREYQLNDSAAYYLNDLERIAQSDYIPTQQDVLRTRVKTTGIVETHFTFKDLHFKMFDVGGQRSERKKWIHCFEGVTAIIFCVALSAYDLVLAEDEEMNRMHESMKLFDSICNNKWFTDTSIILFLNKKDLFEEKITHSPLTICFPEYTGANKYDEAASYIQSKFEDLNKRKDTKEIYTHFTCATDTKNVQFVFDAVTDVIIKNNLKDCGLF
P08754,MGCTLSAEDKAAVERSKMIDRNLREDGEKAAKEVKLLLLGAGESGKSTIVKQMKIIHEDGYSEDECKQYKVVVYSNTIQSIIAIIRAMGRLKIDFGEAARADDARQLFVLAGSAEEGVMTPELAGVIKRLWRDGGVQACFSRSREYQLNDSASYYLNDLDRISQSNYIPTQQDVLRTRVKTTGIVETHFTFKDLYFKMFDVGGQRSERKKWIHCFEGVTAIIFCVALSDYDLVLAEDEEMNRMHESMKLFDSICNNKWFTETSIILFLNKKDLFEEKIKRSPLTICYPEYTGSNTYEEAAAYIQCQFEDLNRRKDTKEIYTHFTCATDTKNVQFVFDAVTDVIIKNNLKECGLY
P09471,MGCTLSAEERAALERSKAIEKNLKEDGISAAKDVKLLLLGAGESGKSTIVKQMKIIHEDGFSGEDVKQYKPVVYSNTIQSLAAIVRAMDTLGIEYGDKERKADAKMVCDVVSRMEDTEPFSAELLSAMMRLWGDSGIQECFNRSREYQLNDSAKYYLDSLDRIGAADYQPTEQDILRTRVKTTGIVETHFTFKNLHFRLFDVGGQRSERKKWIHCFEDVTAIIFCVALSGYDQVLHEDETTNRMHESLMLFDSICNNKFFIDTSIILFLNKKDLFGEKIKKSPLTICFPEYTGPNTYEDAAAYIQAQFESKNRSPNKEIYCHMTCATDTNNIQVVFDAVTDIIIANNLRGCGLY
P11488,MGAGASAEEKHSRELEKKLKEDAEKDARTVKLLLLGAGESGKSTIVKQMKIIHQDGYSLEECLEFIAIIYGNTLQSILAIVRAMTTLNIQYGDSARQDDARKLMHMADTIEEGTMPKEMSDIIQRLWKDSGIQACFERASEYQLNDSAGYYLSDLERLVTPGYVPTEQDVLRSRVKTTGIIETQFSFKDLNFRMFDVGGQRSERKKWIHCFEGVTCIIFIAALSAYDMVLVEDDEVNRMHESLHLFNSICNHRYFATTSIVLFLNKKDVFFEKIKKAHLSICFPDYDGPNTYEDAGNYIKVQFLELNMRRDVKEIYSHMTCATDTQNVKFVFDAVTDIIIKENLKDCGLF
P19086,MGCRQSSEEKEAARRSRRIDRHLRSESQRQRREIKLLLLGTSNSGKSTIVKQMKIIHSGGFNLEACKEYKPLIIYNAIDSLTRIIRALAALRIDFHNPDRAYDAVQLFALTGPAESKGEITPELLGVMRRLWADPGAQACFSRSSEYHLEDNAAYYLNDLERIAAADYIPTVEDILRSRDMTTGIVENKFTFKELTFKMVDVGGQRSERKKWIHCFEGVTAIIFCVELSGYDLKLYEDNQTSRMAESLRLFDSICNNNWFINTSLILFLNKKDLLAEKIRRIPLTICFPEYKGQNTYEEAAVYIQRQFEDLNRNKETKEIYSHFTCATDTSNIQFVFDAVTDVIIQNNLKYIGLC
P19087,MGSGASAEDKELAKRSKELEKKLQEDADKEAKTVKLLLLGAGESGKSTIVKQMKIIHQDGYSPEECLEFKAIIYGNVLQSILAIIRAMTTLGIDYAEPSCADDGRQLNNLADSIEEGTMPPELVEVIRRLWKDGGVQACFERAAEYQLNDSASYYLNQLERITDPEYLPSEQDVLRSRVKTTGIIETKFSVKDLNFRMFDVGGQRSERKKWIHCFEGVTCIIFCAALSAYDMVLVEDDEVNRMHESLHLFNSICNHKFFAATSIVLFLNKKDLFEEKIKKVHLSICFPEYDGNNSYDDAGNYIKSQFLDLNMRKDVKEIYSHMTCATDTQNVKFVFDAVTDIIIKENLKDCGLF
P29992,MTLESMMACCLSDEVKESKRINAEIEKQLRRDKRDARRELKLLLLGTGESGKSTFIKQMRIIHGAGYSEEDKRGFTKLVYQNIFTAMQAMIRAMETLKILYKYEQNKANALLIREVDVEKVTTFEHQYVSAIKTLWEDPGIQECYDRRREYQLSDSAKYYLTDVDRIATLGYLPTQQDVLRVRVPTTGIIEYPFDLENIIFRMVDVGGQRSERRKWIHCFENVTSIMFLVALSEYDQVLVESDNENRMEESKALFRTIITYPWFQNSSVILFLNKKDLLEDKILYSHLVDYFPEFDGPQRDAQAAREFILKMFVDLNPDSDKIIYSHFTCATDTENIRFVFAAVKDTILQLNLKEYNLV
P30679,MARSLTWRCCPWCLTEDEKAAARVDQEINRILLEQKKQDRGELKLLLLGPGESGKSTFIKQMRIIHGAGYSEEERKGFRPLVYQNIFVSMRAMIEAMERLQIPFSRPESKHHASLVMSQDPYKVTTFEKRYAAAMQWLWRDAGIRACYERRREFHLLDSAVYYLSHLERITEEGYVPTAQDVLRSRMPTTGINEYCFSVQKTNLRIVDVGGQKSERKKWIHCFENVIALIYLASLSEYDQCLEENNQENRMKESLALFGTILELPWFKSTSVILFLNKTDILEEKIPTSHLATYFPSFQGPKQDAEAAKRFILDMYTRMYTGCVDGPEGSKKGARSRRLFSHYTCATDTQNIRKVFKDVRDSVLARYLDEINLL
P38405,MGCLGGNSKTTEDQGVDEKERREANKKIEKQLQKERLAYKATHRLLLLGAGESGKSTIVKQMRILHVNGFNPEEKKQKILDIRKNVKDAIVTIVSAMSTIIPPVPLANPENQFRSDYIKSIAPITDFEYSQEFFDHVKKLWDDEGVKACFERSNEYQLIDCAQYFLERIDSVSLVDYTPTDQDLLRCRVLTSGIFETRFQVDKVNFHMFDVGGQRDERRKWIQCFNDVTAIIYVAACSSYNMVIREDNNTNRLRESLDLFESIWNNRWLRTISIILFLNKQDMLAEKVLAGKSKIEDYFPEYANYTVPEDATPDAGEDPKVTRAKFFIRDLFLRISTATGDGKHYCYPHFTCAVDTENIRRVFNDCRDIIQRMHLKQYELL
P50148,MTLESIMACCLSEEAKEARRINDEIERQLRRDKRDARRELKLLLLGTGESGKSTFIKQMRIIHGSGYSDEDKRGFTKLVYQNIFTAMQAMIRAMDTLKIPYKYEHNKAHAQLVREVDVEKVSAFENPYVDAIKSLWNDPGIQECYDRRREYQLSDSTKYYLNDLDRVADPAYLPTQQDVLRVRVPTTGIIEYPFDLQSVIFRMVDVGGQRSERRKWIHCFENVTSIMFLVALSEYDQVLVESDNENRMEESKALFRTIITYPWFQNSSVILFLNKKDLLEEKIMYSHLVDYFPEYDGPQRDAQAAREFILKMFVDLNPDSDKIIYSHFTCATDTENIRFVFAAVKDTILQLNLKEYNLV
P63092,MGCLGNSKTEDQRNEEKAQREANKKIEKQLQKDKQVYRATHRLLLLGAGESGKSTIVKQMRILHVNGFNGEGGEEDPQAARSNSDGEKATKVQDIKNNLKEAIETIVAAMSNLVPPVELANPENQFRVDYILSVMNVPDFDFPPEFYEHAKALWEDEGVRACYERSNEYQLIDCAQYFLDKIDVIKQADYVPSDQDLLRCRVLTSGIFETKFQVDKVNFHMFDVGGQRDERRKWIQCFNDVTAIIFVVASSSYNMVIREDNQTNRLQEALNLFKSIWNNRWLRTISVILFLNKQDLLAEKVLAGKSKIEDYFPEFARYTTPEDATPEPGEDPRVTRAKYFIRDEFLRISTASGDGRHYCYPHFTCAVDTENIRRVFNDCRDIIQRMHLRQYELL
P63096,MGCTLSAEDKAAVERSKMIDRNLREDGEKAAREVKLLLLGAGESGKSTIVKQMKIIHEAGYSEEECKQYKAVVYSNTIQSIIAIIRAMGRLKIDFGDSARADDARQLFVLAGAAEEGFMTAELAGVIKRLWKDSGVQACFNRSREYQLNDSAAYYLNDLDRIAQPNYIPTQQDVLRTRVKTTGIVETHFTFKDLHFKMFDVGGQRSERKKWIHCFEGVTAIIFCVALSDYDLVLAEDEEMNRMHESMKLFDSICNNKWFTDTSIILFLNKKDLFEEKIKKSPLTICYPEYAGSNTYEEAAAYIQCQFEDLNKRKDTKEIYTHFTCATDTKNVQFVFDAVTDVIIKNNLKDCGLF
Q03113,MSGVVRTLSRCLLPAEAGGARERRAGSGARDAEREARRRSRDIDALLARERRAVRRLVKILLLGAGESGKSTFLKQMRIIHGREFDQKALLEFRDTIFDNILKGSRVLVDARDKLGIPWQYSENEKHGMFLMAFENKAGLPVEPATFQLYVPALSALWRDSGIREAFSRRSEFQLGESVKYFLDNLDRIGQLNYFPSKQDILLARKATKGIVEHDFVIKKIPFKMVDVGGQRSQRQKWFQCFDGITSILFMVSSSEYDQVLMEDRRTNRLVESMNIFETIVNNKLFFNVSIILFLNKMDLLVEKVKTVSIKKHFPDFRGDPHRLEDVQRYLVQCFDRKRRNRSKPLFHHFTTAIDTENVRFVFHAVKDTILQENLKDIMLQ
Q14344,MADFLPSRSVLSVCFPGCLLTSGEAEQQRKSKEIDKCLSREKTYVKRLVKILLLGAGESGKSTFLKQMRIIHGQDFDQRAREEFRPTIYSNVIKGMRVLVDAREKLHIPWGDNSNQQHGDKMMSFDTRAPMAAQGMVETRVFLQYLPAIRALWADSGIQNAYDRRREFQLGESVKYFLDNLDKLGEPDYIPSQQDILLARRPTKGIHEYDFEIKNVPFKMVDVGGQRSERKRWFECFDSVTSILFLVSSSEFDQVLMEDRLTNRLTESLNIFETIVNNRVFSNVSIILFLNKTDLLEEKVQIVSIKDYFLEFEGDPHCLRDVQKFLVECFRNKRRDQQQKPLYHHFTTAINTENIRLVFRDVKDTILHDNLKQLMLQ
Q5JWF2,MGVRNCLYGNNMSGQRDIPPEIGEQPEQPPLEAPGAAAPGAGPSPAEEMETEPPHNEPIPVENDGEACGPPEVSRPNFQVLNPAFREAGAHGSYSPPPEEAMPFEAEQPSLGGFWPTLEQPGFPSGVHAGLEAFGPALMEPGAFSGARPGLGGYSPPPEEAMPFEFDQPAQRGCSQLLLQVPDLAPGGPGAAGVPGAPPEEPQALRPAKAGSRGGYSPPPEETMPFELDGEGFGDDSPPPGLSRVIAQVDGSSQFAAVAASSAVRLTPAANAPPLWVPGAIGSPSQEAVRPPSNFTGSSPWMEISGPPFEIGSAPAGVDDTPVNMDSPPIALDGPPIKVSGAPDKRERAERPPVEEEAAEMEGAADAAEGGKVPSPGYGSPAAGAASADTAARAAPAAPADPDSGATPEDPDSGTAPADPDSGAFAADPDSGAAPAAPADPDSGAAPDAPADPDSGAAPDAPADPDAGAAPEAPAAPAAAETRAAHVAPAAPDAGAPTAPAASATRAAQVRRAASAAPASGARRKIHLRPPSPEIQAADPPTPRPTRASAWRGKSESSRGRRVYYDEGVASSDDDSSGDESDDGTSGCLRWFQHRRNRRRRKPQRNLLRNFLVQAFGGCFGRSESPQPKASRSLKVKKVPLAEKRRQMRKEALEKRAQKRAEKKRSKLIDKQLQDEKMGYMCTHRLLLLGAGESGKSTIVKQMRILHVNGFNGEGGEEDPQAARSNSDGEKATKVQDIKNNLKEAIETIVAAMSNLVPPVELANPENQFRVDYILSVMNVPDFDFPPEFYEHAKALWEDEGVRACYERSNEYQLIDCAQYFLDKIDVIKQADYVPSDQDLLRCRVLTSGIFETKFQVDKVNFHMFDVGGQRDERRKWIQCFNDVTAIIFVVASSSYNMVIREDNQTNRLQEALNLFKSIWNNRWLRTISVILFLNKQDLLAEKVLAGKSKIEDYFPEFARYTTPEDATPEPGEDPRVTRAKYFIRDEFLRISTASGDGRHYCYPHFTCAVDTENIRRVFNDCRDIIQRMHLRQYELL